BỆNH VIỆN QUÂN Y 103 · BỘ MÔN KHOA HÓA SINH,,,,,,,,,,BM.02/QL.TRTB.01,,,,,,,,,,,,,,,,,,,,,
BẢNG THEO DÕI BẢO DƯỠNG MÁY (Phiên bản: 4.0),,,,,,,,,,,,,,,,,,,,,,,,,,,,,,,
Tên máy: ........................................................,,,Tháng ..... Năm 20....,,,,,,,,,,,,,,,,,,,,,,,,,,,,
,,,,,,,,,,,,,,,,,,,,,,,,,,,,,,,
HẠNG MỤC BẢO DƯỠNG,1,2,3,4,5,6,7,8,9,10,11,12,13,14,15,16,17,18,19,20,21,22,23,24,25,26,27,28,29,30,31
"1. HÀNG NGÀY (Rửa đường ống, kiểm tra hóa chất, rửa Wash pot)",,,,,,,,,,,,,,,,,,,,,,,,,,,,,,,
- Thực hiện / Đạt,,,,,,,,,,,,,,,,,,,,,,,,,,,,,,,
- Người thực hiện,,,,,,,,,,,,,,,,,,,,,,,,,,,,,,,
"2. HÀNG TUẦN (Lau kim hút, que khuấy, vệ sinh bề mặt)",,,,,,,,,,,,,,,,,,,,,,,,,,,,,,,
- Thực hiện / Đạt,,,,,,,,,,,,,,,,,,,,,,,,,,,,,,,
- Người thực hiện,,,,,,,,,,,,,,,,,,,,,,,,,,,,,,,
"3. HÀNG THÁNG (Rửa can nước cất, thay filter)",,,,,,,,,,,,,,,,,,,,,,,,,,,,,,,
- Thực hiện / Đạt,,,,,,,,,,,,,,,,,,,,,,,,,,,,,,,
- Người thực hiện,,,,,,,,,,,,,,,,,,,,,,,,,,,,,,,